{"cameraMode":{"drawMode":0,"name":"Shaded","section":"Shading Mode"},"sceneLighting":false,"audioPlay":false,"sceneViewState":{"showFog":true,"showMaterialUpdate":false,"showSkybox":false,"showFlares":true,"showImageEffects":true,"showParticleSystems":true},"in2DMode":false,"pivot":{"x":303.8818359375,"y":79.09613037109375,"z":-11.448974609375},"rotation":{"x":-0.25393766164779665,"y":0.020887015387415887,"z":-0.005485042929649353,"w":-0.9669815301895142},"size":342.5292053222656,"orthographic":false}