{"cameraMode":{"drawMode":0,"name":"Shaded","section":"Shading Mode"},"sceneLighting":false,"audioPlay":false,"sceneViewState":{"showFog":true,"showMaterialUpdate":false,"showSkybox":false,"showFlares":true,"showImageEffects":true,"showParticleSystems":true},"in2DMode":false,"pivot":{"x":2.7064690589904787,"y":12.260011672973633,"z":-0.9160778522491455},"rotation":{"x":-0.1431753933429718,"y":0.8413100838661194,"z":-0.2702461779117584,"w":-0.44572287797927859},"size":4.151623249053955,"orthographic":false}